benchmark,size,backend,run,timestamp,compile_time_seconds,status,error
biometric,"D: 4, N: 512",motion,1,2026-04-22T12:03:38Z,0.204597,ok,
biometric,"D: 4, N: 512",motion,2,2026-04-22T12:03:38Z,0.187663,ok,
biometric,"D: 4, N: 512",motion,3,2026-04-22T12:03:38Z,0.191490,ok,
biometric,"D: 4, N: 512",motion,4,2026-04-22T12:03:38Z,0.190939,ok,
biometric,"D: 4, N: 512",motion,5,2026-04-22T12:03:38Z,0.208555,ok,
biometric,"D: 4, N: 512",motion,6,2026-04-22T12:03:39Z,0.191376,ok,
biometric,"D: 4, N: 512",motion,7,2026-04-22T12:03:39Z,0.185121,ok,
biometric,"D: 4, N: 512",motion,8,2026-04-22T12:03:39Z,0.199704,ok,
biometric,"D: 4, N: 512",motion,9,2026-04-22T12:03:39Z,0.184803,ok,
biometric,"D: 4, N: 512",motion,10,2026-04-22T12:03:39Z,0.181808,ok,
biometric,"D: 4, N: 512",mp_spdz,1,2026-04-22T12:03:39Z,0.197657,ok,
biometric,"D: 4, N: 512",mp_spdz,2,2026-04-22T12:03:40Z,0.206350,ok,
biometric,"D: 4, N: 512",mp_spdz,3,2026-04-22T12:03:40Z,0.194485,ok,
biometric,"D: 4, N: 512",mp_spdz,4,2026-04-22T12:03:40Z,0.198953,ok,
biometric,"D: 4, N: 512",mp_spdz,5,2026-04-22T12:03:40Z,0.202645,ok,
biometric,"D: 4, N: 512",mp_spdz,6,2026-04-22T12:03:40Z,0.219138,ok,
biometric,"D: 4, N: 512",mp_spdz,7,2026-04-22T12:03:41Z,0.197675,ok,
biometric,"D: 4, N: 512",mp_spdz,8,2026-04-22T12:03:41Z,0.201588,ok,
biometric,"D: 4, N: 512",mp_spdz,9,2026-04-22T12:03:41Z,0.201695,ok,
biometric,"D: 4, N: 512",mp_spdz,10,2026-04-22T12:03:41Z,0.215471,ok,
biometric,"D: 4, N: 1024",motion,1,2026-04-22T12:03:41Z,0.206825,ok,
biometric,"D: 4, N: 1024",motion,2,2026-04-22T12:03:42Z,0.201848,ok,
biometric,"D: 4, N: 1024",motion,3,2026-04-22T12:03:42Z,0.223550,ok,
biometric,"D: 4, N: 1024",motion,4,2026-04-22T12:03:42Z,0.214810,ok,
biometric,"D: 4, N: 1024",motion,5,2026-04-22T12:03:42Z,0.202153,ok,
biometric,"D: 4, N: 1024",motion,6,2026-04-22T12:03:43Z,0.201415,ok,
biometric,"D: 4, N: 1024",motion,7,2026-04-22T12:03:43Z,0.216650,ok,
biometric,"D: 4, N: 1024",motion,8,2026-04-22T12:03:43Z,0.202874,ok,
biometric,"D: 4, N: 1024",motion,9,2026-04-22T12:03:43Z,0.205726,ok,
biometric,"D: 4, N: 1024",motion,10,2026-04-22T12:03:43Z,0.200787,ok,
biometric,"D: 4, N: 1024",mp_spdz,1,2026-04-22T12:03:44Z,0.227714,ok,
biometric,"D: 4, N: 1024",mp_spdz,2,2026-04-22T12:03:44Z,0.209496,ok,
biometric,"D: 4, N: 1024",mp_spdz,3,2026-04-22T12:03:44Z,0.204982,ok,
biometric,"D: 4, N: 1024",mp_spdz,4,2026-04-22T12:03:44Z,0.212254,ok,
biometric,"D: 4, N: 1024",mp_spdz,5,2026-04-22T12:03:44Z,0.226311,ok,
biometric,"D: 4, N: 1024",mp_spdz,6,2026-04-22T12:03:45Z,0.212273,ok,
biometric,"D: 4, N: 1024",mp_spdz,7,2026-04-22T12:03:45Z,0.211218,ok,
biometric,"D: 4, N: 1024",mp_spdz,8,2026-04-22T12:03:45Z,0.214181,ok,
biometric,"D: 4, N: 1024",mp_spdz,9,2026-04-22T12:03:45Z,0.230367,ok,
biometric,"D: 4, N: 1024",mp_spdz,10,2026-04-22T12:03:46Z,0.218906,ok,
biometric_fast,"D: 4, N: 128",motion,1,2026-04-22T12:03:46Z,0.519524,ok,
biometric_fast,"D: 4, N: 128",motion,2,2026-04-22T12:03:46Z,0.535797,ok,
biometric_fast,"D: 4, N: 128",motion,3,2026-04-22T12:03:47Z,0.535544,ok,
biometric_fast,"D: 4, N: 128",motion,4,2026-04-22T12:03:47Z,0.531328,ok,
biometric_fast,"D: 4, N: 128",motion,5,2026-04-22T12:03:48Z,0.529469,ok,
biometric_fast,"D: 4, N: 128",motion,6,2026-04-22T12:03:48Z,0.533643,ok,
biometric_fast,"D: 4, N: 128",motion,7,2026-04-22T12:03:49Z,0.534736,ok,
biometric_fast,"D: 4, N: 128",motion,8,2026-04-22T12:03:49Z,0.531666,ok,
biometric_fast,"D: 4, N: 128",motion,9,2026-04-22T12:03:50Z,0.537137,ok,
biometric_fast,"D: 4, N: 128",motion,10,2026-04-22T12:03:51Z,0.534981,ok,
biometric_fast,"D: 4, N: 128",mp_spdz,1,2026-04-22T12:03:51Z,0.593211,ok,
biometric_fast,"D: 4, N: 128",mp_spdz,2,2026-04-22T12:03:52Z,0.600719,ok,
biometric_fast,"D: 4, N: 128",mp_spdz,3,2026-04-22T12:03:52Z,0.620342,ok,
biometric_fast,"D: 4, N: 128",mp_spdz,4,2026-04-22T12:03:53Z,0.604833,ok,
biometric_fast,"D: 4, N: 128",mp_spdz,5,2026-04-22T12:03:54Z,0.610033,ok,
biometric_fast,"D: 4, N: 128",mp_spdz,6,2026-04-22T12:03:54Z,0.586926,ok,
biometric_fast,"D: 4, N: 128",mp_spdz,7,2026-04-22T12:03:55Z,0.577009,ok,
biometric_fast,"D: 4, N: 128",mp_spdz,8,2026-04-22T12:03:55Z,0.853555,ok,
biometric_fast,"D: 4, N: 128",mp_spdz,9,2026-04-22T12:03:56Z,0.624054,ok,
biometric_fast,"D: 4, N: 128",mp_spdz,10,2026-04-22T12:03:57Z,0.595123,ok,
chapterfour_figure_12,"x=27, y=13",motion,1,2026-04-22T12:03:57Z,0.057591,ok,
chapterfour_figure_12,"x=27, y=13",motion,2,2026-04-22T12:03:57Z,0.057005,ok,
chapterfour_figure_12,"x=27, y=13",motion,3,2026-04-22T12:03:57Z,0.053776,ok,
chapterfour_figure_12,"x=27, y=13",motion,4,2026-04-22T12:03:58Z,0.055859,ok,
chapterfour_figure_12,"x=27, y=13",motion,5,2026-04-22T12:03:58Z,0.060133,ok,
chapterfour_figure_12,"x=27, y=13",motion,6,2026-04-22T12:03:58Z,0.058708,ok,
chapterfour_figure_12,"x=27, y=13",motion,7,2026-04-22T12:03:58Z,0.055085,ok,
chapterfour_figure_12,"x=27, y=13",motion,8,2026-04-22T12:03:58Z,0.054571,ok,
chapterfour_figure_12,"x=27, y=13",motion,9,2026-04-22T12:03:58Z,0.055578,ok,
chapterfour_figure_12,"x=27, y=13",motion,10,2026-04-22T12:03:58Z,0.059996,ok,
chapterfour_figure_12,"x=27, y=13",mp_spdz,1,2026-04-22T12:03:58Z,0.064418,ok,
chapterfour_figure_12,"x=27, y=13",mp_spdz,2,2026-04-22T12:03:58Z,0.073548,ok,
chapterfour_figure_12,"x=27, y=13",mp_spdz,3,2026-04-22T12:03:58Z,0.059401,ok,
chapterfour_figure_12,"x=27, y=13",mp_spdz,4,2026-04-22T12:03:58Z,0.056999,ok,
chapterfour_figure_12,"x=27, y=13",mp_spdz,5,2026-04-22T12:03:58Z,0.058237,ok,
chapterfour_figure_12,"x=27, y=13",mp_spdz,6,2026-04-22T12:03:58Z,0.058387,ok,
chapterfour_figure_12,"x=27, y=13",mp_spdz,7,2026-04-22T12:03:58Z,0.056291,ok,
chapterfour_figure_12,"x=27, y=13",mp_spdz,8,2026-04-22T12:03:58Z,0.059522,ok,
chapterfour_figure_12,"x=27, y=13",mp_spdz,9,2026-04-22T12:03:58Z,0.056148,ok,
chapterfour_figure_12,"x=27, y=13",mp_spdz,10,2026-04-22T12:03:58Z,0.057950,ok,
convex_hull,N: 32,motion,1,2026-04-22T12:03:59Z,5.243898,ok,
convex_hull,N: 32,motion,2,2026-04-22T12:04:04Z,4.891662,ok,
convex_hull,N: 32,motion,3,2026-04-22T12:04:09Z,4.805571,ok,
convex_hull,N: 32,motion,4,2026-04-22T12:04:13Z,4.591722,ok,
convex_hull,N: 32,motion,5,2026-04-22T12:04:18Z,4.604204,ok,
convex_hull,N: 32,motion,6,2026-04-22T12:04:23Z,4.609667,ok,
convex_hull,N: 32,motion,7,2026-04-22T12:04:27Z,4.628800,ok,
convex_hull,N: 32,motion,8,2026-04-22T12:04:32Z,4.598756,ok,
convex_hull,N: 32,motion,9,2026-04-22T12:04:37Z,4.565778,ok,
convex_hull,N: 32,motion,10,2026-04-22T12:04:41Z,4.638792,ok,
convex_hull,N: 32,mp_spdz,1,2026-04-22T12:04:46Z,8.057099,ok,
convex_hull,N: 32,mp_spdz,2,2026-04-22T12:04:54Z,7.773767,ok,
convex_hull,N: 32,mp_spdz,3,2026-04-22T12:05:02Z,7.943598,ok,
convex_hull,N: 32,mp_spdz,4,2026-04-22T12:05:09Z,7.956502,ok,
convex_hull,N: 32,mp_spdz,5,2026-04-22T12:05:17Z,8.095224,ok,
convex_hull,N: 32,mp_spdz,6,2026-04-22T12:05:26Z,7.999392,ok,
convex_hull,N: 32,mp_spdz,7,2026-04-22T12:05:34Z,8.058930,ok,
convex_hull,N: 32,mp_spdz,8,2026-04-22T12:05:42Z,8.674186,ok,
convex_hull,N: 32,mp_spdz,9,2026-04-22T12:05:50Z,8.767949,ok,
convex_hull,N: 32,mp_spdz,10,2026-04-22T12:05:59Z,7.939926,ok,
convex_hull,N: 64,motion,1,2026-04-22T12:06:07Z,4.571738,ok,
convex_hull,N: 64,motion,2,2026-04-22T12:06:12Z,4.673025,ok,
convex_hull,N: 64,motion,3,2026-04-22T12:06:16Z,4.605083,ok,
convex_hull,N: 64,motion,4,2026-04-22T12:06:21Z,4.608825,ok,
convex_hull,N: 64,motion,5,2026-04-22T12:06:25Z,4.693748,ok,
convex_hull,N: 64,motion,6,2026-04-22T12:06:30Z,4.576247,ok,
convex_hull,N: 64,motion,7,2026-04-22T12:06:35Z,4.661083,ok,
convex_hull,N: 64,motion,8,2026-04-22T12:06:39Z,4.706216,ok,
convex_hull,N: 64,motion,9,2026-04-22T12:06:44Z,4.570086,ok,
convex_hull,N: 64,motion,10,2026-04-22T12:06:49Z,4.584238,ok,
convex_hull,N: 64,mp_spdz,1,2026-04-22T12:06:53Z,7.711369,ok,
convex_hull,N: 64,mp_spdz,2,2026-04-22T12:07:01Z,7.807712,ok,
convex_hull,N: 64,mp_spdz,3,2026-04-22T12:07:09Z,7.780508,ok,
convex_hull,N: 64,mp_spdz,4,2026-04-22T12:07:17Z,7.817990,ok,
convex_hull,N: 64,mp_spdz,5,2026-04-22T12:07:24Z,8.008468,ok,
convex_hull,N: 64,mp_spdz,6,2026-04-22T12:07:32Z,8.455528,ok,
convex_hull,N: 64,mp_spdz,7,2026-04-22T12:07:41Z,8.791402,ok,
convex_hull,N: 64,mp_spdz,8,2026-04-22T12:07:50Z,7.971696,ok,
convex_hull,N: 64,mp_spdz,9,2026-04-22T12:07:58Z,8.047779,ok,
convex_hull,N: 64,mp_spdz,10,2026-04-22T12:08:06Z,7.957915,ok,
convex_hull,N: 128,motion,1,2026-04-22T12:08:14Z,4.666919,ok,
convex_hull,N: 128,motion,2,2026-04-22T12:08:18Z,4.650366,ok,
convex_hull,N: 128,motion,3,2026-04-22T12:08:23Z,4.596682,ok,
convex_hull,N: 128,motion,4,2026-04-22T12:08:27Z,4.574972,ok,
convex_hull,N: 128,motion,5,2026-04-22T12:08:32Z,4.613734,ok,
convex_hull,N: 128,motion,6,2026-04-22T12:08:37Z,4.671708,ok,
convex_hull,N: 128,motion,7,2026-04-22T12:08:41Z,4.737131,ok,
convex_hull,N: 128,motion,8,2026-04-22T12:08:46Z,4.715622,ok,
convex_hull,N: 128,motion,9,2026-04-22T12:08:51Z,4.850373,ok,
convex_hull,N: 128,motion,10,2026-04-22T12:08:56Z,4.628028,ok,
convex_hull,N: 128,mp_spdz,1,2026-04-22T12:09:00Z,7.935103,ok,
convex_hull,N: 128,mp_spdz,2,2026-04-22T12:09:08Z,7.852603,ok,
convex_hull,N: 128,mp_spdz,3,2026-04-22T12:09:16Z,7.935414,ok,
convex_hull,N: 128,mp_spdz,4,2026-04-22T12:09:24Z,8.762418,ok,
convex_hull,N: 128,mp_spdz,5,2026-04-22T12:09:33Z,8.490603,ok,
convex_hull,N: 128,mp_spdz,6,2026-04-22T12:09:41Z,7.884751,ok,
convex_hull,N: 128,mp_spdz,7,2026-04-22T12:09:49Z,7.914721,ok,
convex_hull,N: 128,mp_spdz,8,2026-04-22T12:09:57Z,7.902241,ok,
convex_hull,N: 128,mp_spdz,9,2026-04-22T12:10:05Z,8.023709,ok,
convex_hull,N: 128,mp_spdz,10,2026-04-22T12:10:13Z,7.922683,ok,
convex_hull,N: 256,motion,1,2026-04-22T12:10:21Z,4.591526,ok,
convex_hull,N: 256,motion,2,2026-04-22T12:10:26Z,4.478645,ok,
convex_hull,N: 256,motion,3,2026-04-22T12:10:30Z,4.373701,ok,
convex_hull,N: 256,motion,4,2026-04-22T12:10:34Z,4.470495,ok,
convex_hull,N: 256,motion,5,2026-04-22T12:10:39Z,4.514364,ok,
convex_hull,N: 256,motion,6,2026-04-22T12:10:43Z,4.478033,ok,
convex_hull,N: 256,motion,7,2026-04-22T12:10:48Z,4.437615,ok,
convex_hull,N: 256,motion,8,2026-04-22T12:10:52Z,4.473335,ok,
convex_hull,N: 256,motion,9,2026-04-22T12:10:57Z,4.458419,ok,
convex_hull,N: 256,motion,10,2026-04-22T12:11:01Z,4.392746,ok,
convex_hull,N: 256,mp_spdz,1,2026-04-22T12:11:06Z,8.068892,ok,
convex_hull,N: 256,mp_spdz,2,2026-04-22T12:11:14Z,7.819557,ok,
convex_hull,N: 256,mp_spdz,3,2026-04-22T12:11:21Z,8.657143,ok,
convex_hull,N: 256,mp_spdz,4,2026-04-22T12:11:30Z,7.996404,ok,
convex_hull,N: 256,mp_spdz,5,2026-04-22T12:11:38Z,7.961696,ok,
convex_hull,N: 256,mp_spdz,6,2026-04-22T12:11:46Z,7.955855,ok,
convex_hull,N: 256,mp_spdz,7,2026-04-22T12:11:54Z,7.925106,ok,
convex_hull,N: 256,mp_spdz,8,2026-04-22T12:12:02Z,7.742108,ok,
convex_hull,N: 256,mp_spdz,9,2026-04-22T12:12:10Z,7.901186,ok,
convex_hull,N: 256,mp_spdz,10,2026-04-22T12:12:18Z,7.846330,ok,
count_102,N: 1024,motion,1,2026-04-22T12:12:25Z,0.262619,ok,
count_102,N: 1024,motion,2,2026-04-22T12:12:26Z,0.271808,ok,
count_102,N: 1024,motion,3,2026-04-22T12:12:26Z,0.280805,ok,
count_102,N: 1024,motion,4,2026-04-22T12:12:26Z,0.267015,ok,
count_102,N: 1024,motion,5,2026-04-22T12:12:27Z,0.268918,ok,
count_102,N: 1024,motion,6,2026-04-22T12:12:27Z,0.285756,ok,
count_102,N: 1024,motion,7,2026-04-22T12:12:27Z,0.268824,ok,
count_102,N: 1024,motion,8,2026-04-22T12:12:27Z,0.269207,ok,
count_102,N: 1024,motion,9,2026-04-22T12:12:28Z,0.277124,ok,
count_102,N: 1024,motion,10,2026-04-22T12:12:28Z,0.266027,ok,
count_102,N: 1024,mp_spdz,1,2026-04-22T12:12:28Z,0.265898,ok,
count_102,N: 1024,mp_spdz,2,2026-04-22T12:12:28Z,0.291458,ok,
count_102,N: 1024,mp_spdz,3,2026-04-22T12:12:29Z,0.274748,ok,
count_102,N: 1024,mp_spdz,4,2026-04-22T12:12:29Z,0.275823,ok,
count_102,N: 1024,mp_spdz,5,2026-04-22T12:12:29Z,0.269756,ok,
count_102,N: 1024,mp_spdz,6,2026-04-22T12:12:30Z,0.281198,ok,
count_102,N: 1024,mp_spdz,7,2026-04-22T12:12:30Z,0.267947,ok,
count_102,N: 1024,mp_spdz,8,2026-04-22T12:12:30Z,0.266487,ok,
count_102,N: 1024,mp_spdz,9,2026-04-22T12:12:30Z,0.268322,ok,
count_102,N: 1024,mp_spdz,10,2026-04-22T12:12:31Z,0.284913,ok,
count_102,N: 4096,motion,1,2026-04-22T12:12:31Z,0.291819,ok,
count_102,N: 4096,motion,2,2026-04-22T12:12:31Z,0.276921,ok,
count_102,N: 4096,motion,3,2026-04-22T12:12:32Z,0.291440,ok,
count_102,N: 4096,motion,4,2026-04-22T12:12:32Z,0.283825,ok,
count_102,N: 4096,motion,5,2026-04-22T12:12:32Z,0.283146,ok,
count_102,N: 4096,motion,6,2026-04-22T12:12:32Z,0.299411,ok,
count_102,N: 4096,motion,7,2026-04-22T12:12:33Z,0.285784,ok,
count_102,N: 4096,motion,8,2026-04-22T12:12:33Z,0.284188,ok,
count_102,N: 4096,motion,9,2026-04-22T12:12:33Z,0.313282,ok,
count_102,N: 4096,motion,10,2026-04-22T12:12:34Z,0.288020,ok,
count_102,N: 4096,mp_spdz,1,2026-04-22T12:12:34Z,0.283822,ok,
count_102,N: 4096,mp_spdz,2,2026-04-22T12:12:34Z,0.283852,ok,
count_102,N: 4096,mp_spdz,3,2026-04-22T12:12:34Z,0.289092,ok,
count_102,N: 4096,mp_spdz,4,2026-04-22T12:12:35Z,0.279346,ok,
count_102,N: 4096,mp_spdz,5,2026-04-22T12:12:35Z,0.283874,ok,
count_102,N: 4096,mp_spdz,6,2026-04-22T12:12:35Z,0.287732,ok,
count_102,N: 4096,mp_spdz,7,2026-04-22T12:12:36Z,0.289594,ok,
count_102,N: 4096,mp_spdz,8,2026-04-22T12:12:36Z,0.277039,ok,
count_102,N: 4096,mp_spdz,9,2026-04-22T12:12:36Z,0.280763,ok,
count_102,N: 4096,mp_spdz,10,2026-04-22T12:12:36Z,0.294401,ok,
count_10s,N: 1024,motion,1,2026-04-22T12:12:37Z,0.328946,ok,
count_10s,N: 1024,motion,2,2026-04-22T12:12:37Z,0.331712,ok,
count_10s,N: 1024,motion,3,2026-04-22T12:12:37Z,0.349070,ok,
count_10s,N: 1024,motion,4,2026-04-22T12:12:38Z,0.322235,ok,
count_10s,N: 1024,motion,5,2026-04-22T12:12:38Z,0.338729,ok,
count_10s,N: 1024,motion,6,2026-04-22T12:12:38Z,0.332534,ok,
count_10s,N: 1024,motion,7,2026-04-22T12:12:39Z,0.335918,ok,
count_10s,N: 1024,motion,8,2026-04-22T12:12:39Z,0.351982,ok,
count_10s,N: 1024,motion,9,2026-04-22T12:12:39Z,0.325326,ok,
count_10s,N: 1024,motion,10,2026-04-22T12:12:40Z,0.337995,ok,
count_10s,N: 1024,mp_spdz,1,2026-04-22T12:12:40Z,0.315627,ok,
count_10s,N: 1024,mp_spdz,2,2026-04-22T12:12:40Z,0.323856,ok,
count_10s,N: 1024,mp_spdz,3,2026-04-22T12:12:41Z,0.331348,ok,
count_10s,N: 1024,mp_spdz,4,2026-04-22T12:12:41Z,0.316488,ok,
count_10s,N: 1024,mp_spdz,5,2026-04-22T12:12:41Z,0.354548,ok,
count_10s,N: 1024,mp_spdz,6,2026-04-22T12:12:42Z,0.338347,ok,
count_10s,N: 1024,mp_spdz,7,2026-04-22T12:12:42Z,0.330829,ok,
count_10s,N: 1024,mp_spdz,8,2026-04-22T12:12:42Z,0.342103,ok,
count_10s,N: 1024,mp_spdz,9,2026-04-22T12:12:43Z,0.414766,ok,
count_10s,N: 1024,mp_spdz,10,2026-04-22T12:12:43Z,0.493193,ok,
count_10s,N: 4096,motion,1,2026-04-22T12:12:44Z,0.392964,ok,
count_10s,N: 4096,motion,2,2026-04-22T12:12:44Z,0.354711,ok,
count_10s,N: 4096,motion,3,2026-04-22T12:12:44Z,0.372225,ok,
count_10s,N: 4096,motion,4,2026-04-22T12:12:45Z,0.349295,ok,
count_10s,N: 4096,motion,5,2026-04-22T12:12:45Z,0.364990,ok,
count_10s,N: 4096,motion,6,2026-04-22T12:12:45Z,0.343656,ok,
count_10s,N: 4096,motion,7,2026-04-22T12:12:46Z,0.347272,ok,
count_10s,N: 4096,motion,8,2026-04-22T12:12:46Z,0.363546,ok,
count_10s,N: 4096,motion,9,2026-04-22T12:12:47Z,0.345950,ok,
count_10s,N: 4096,motion,10,2026-04-22T12:12:47Z,0.367180,ok,
count_10s,N: 4096,mp_spdz,1,2026-04-22T12:12:47Z,0.337522,ok,
count_10s,N: 4096,mp_spdz,2,2026-04-22T12:12:48Z,0.338435,ok,
count_10s,N: 4096,mp_spdz,3,2026-04-22T12:12:48Z,0.351499,ok,
count_10s,N: 4096,mp_spdz,4,2026-04-22T12:12:48Z,0.341362,ok,
count_10s,N: 4096,mp_spdz,5,2026-04-22T12:12:49Z,0.332109,ok,
count_10s,N: 4096,mp_spdz,6,2026-04-22T12:12:49Z,0.348459,ok,
count_10s,N: 4096,mp_spdz,7,2026-04-22T12:12:49Z,0.339058,ok,
count_10s,N: 4096,mp_spdz,8,2026-04-22T12:12:50Z,0.347934,ok,
count_10s,N: 4096,mp_spdz,9,2026-04-22T12:12:50Z,0.338661,ok,
count_10s,N: 4096,mp_spdz,10,2026-04-22T12:12:50Z,0.346646,ok,
count_123,N: 1024,motion,1,2026-04-22T12:12:51Z,0.388940,ok,
count_123,N: 1024,motion,2,2026-04-22T12:12:51Z,0.378242,ok,
count_123,N: 1024,motion,3,2026-04-22T12:12:51Z,0.393985,ok,
count_123,N: 1024,motion,4,2026-04-22T12:12:52Z,0.378270,ok,
count_123,N: 1024,motion,5,2026-04-22T12:12:52Z,0.409325,ok,
count_123,N: 1024,motion,6,2026-04-22T12:12:53Z,0.376782,ok,
count_123,N: 1024,motion,7,2026-04-22T12:12:53Z,0.386052,ok,
count_123,N: 1024,motion,8,2026-04-22T12:12:53Z,0.378562,ok,
count_123,N: 1024,motion,9,2026-04-22T12:12:54Z,0.389398,ok,
count_123,N: 1024,motion,10,2026-04-22T12:12:54Z,0.376868,ok,
count_123,N: 1024,mp_spdz,1,2026-04-22T12:12:55Z,0.399970,ok,
count_123,N: 1024,mp_spdz,2,2026-04-22T12:12:55Z,0.389382,ok,
count_123,N: 1024,mp_spdz,3,2026-04-22T12:12:55Z,0.401788,ok,
count_123,N: 1024,mp_spdz,4,2026-04-22T12:12:56Z,0.374561,ok,
count_123,N: 1024,mp_spdz,5,2026-04-22T12:12:56Z,0.396510,ok,
count_123,N: 1024,mp_spdz,6,2026-04-22T12:12:57Z,0.391979,ok,
count_123,N: 1024,mp_spdz,7,2026-04-22T12:12:57Z,0.376681,ok,
count_123,N: 1024,mp_spdz,8,2026-04-22T12:12:57Z,0.398268,ok,
count_123,N: 1024,mp_spdz,9,2026-04-22T12:12:58Z,0.392360,ok,
count_123,N: 1024,mp_spdz,10,2026-04-22T12:12:58Z,0.398839,ok,
count_123,N: 4096,motion,1,2026-04-22T12:12:58Z,0.385604,ok,
count_123,N: 4096,motion,2,2026-04-22T12:12:59Z,0.410549,ok,
count_123,N: 4096,motion,3,2026-04-22T12:12:59Z,0.400231,ok,
count_123,N: 4096,motion,4,2026-04-22T12:13:00Z,0.407312,ok,
count_123,N: 4096,motion,5,2026-04-22T12:13:00Z,0.388307,ok,
count_123,N: 4096,motion,6,2026-04-22T12:13:00Z,0.398697,ok,
count_123,N: 4096,motion,7,2026-04-22T12:13:01Z,0.395632,ok,
count_123,N: 4096,motion,8,2026-04-22T12:13:01Z,0.408458,ok,
count_123,N: 4096,motion,9,2026-04-22T12:13:02Z,0.389247,ok,
count_123,N: 4096,motion,10,2026-04-22T12:13:02Z,0.582747,ok,
count_123,N: 4096,mp_spdz,1,2026-04-22T12:13:03Z,0.518736,ok,
count_123,N: 4096,mp_spdz,2,2026-04-22T12:13:03Z,0.410065,ok,
count_123,N: 4096,mp_spdz,3,2026-04-22T12:13:04Z,0.406551,ok,
count_123,N: 4096,mp_spdz,4,2026-04-22T12:13:04Z,0.414557,ok,
count_123,N: 4096,mp_spdz,5,2026-04-22T12:13:04Z,0.397921,ok,
count_123,N: 4096,mp_spdz,6,2026-04-22T12:13:05Z,0.404072,ok,
count_123,N: 4096,mp_spdz,7,2026-04-22T12:13:05Z,0.400898,ok,
count_123,N: 4096,mp_spdz,8,2026-04-22T12:13:06Z,0.618172,ok,
count_123,N: 4096,mp_spdz,9,2026-04-22T12:13:06Z,0.473766,ok,
count_123,N: 4096,mp_spdz,10,2026-04-22T12:13:07Z,0.409439,ok,
cryptonets_max_pooling,"rows: 16, cols: 16",motion,1,2026-04-22T12:13:07Z,9.735002,ok,
cryptonets_max_pooling,"rows: 16, cols: 16",motion,2,2026-04-22T12:13:17Z,8.959081,ok,
cryptonets_max_pooling,"rows: 16, cols: 16",motion,3,2026-04-22T12:13:26Z,9.064366,ok,
cryptonets_max_pooling,"rows: 16, cols: 16",motion,4,2026-04-22T12:13:35Z,8.924589,ok,
cryptonets_max_pooling,"rows: 16, cols: 16",motion,5,2026-04-22T12:13:44Z,9.016037,ok,
cryptonets_max_pooling,"rows: 16, cols: 16",motion,6,2026-04-22T12:13:53Z,8.856551,ok,
cryptonets_max_pooling,"rows: 16, cols: 16",motion,7,2026-04-22T12:14:02Z,8.972986,ok,
cryptonets_max_pooling,"rows: 16, cols: 16",motion,8,2026-04-22T12:14:11Z,8.995090,ok,
cryptonets_max_pooling,"rows: 16, cols: 16",motion,9,2026-04-22T12:14:20Z,8.993211,ok,
cryptonets_max_pooling,"rows: 16, cols: 16",motion,10,2026-04-22T12:14:29Z,8.862987,ok,
cryptonets_max_pooling,"rows: 16, cols: 16",mp_spdz,1,2026-04-22T12:14:38Z,5.200516,ok,
cryptonets_max_pooling,"rows: 16, cols: 16",mp_spdz,2,2026-04-22T12:14:43Z,5.256075,ok,
cryptonets_max_pooling,"rows: 16, cols: 16",mp_spdz,3,2026-04-22T12:14:48Z,5.333300,ok,
cryptonets_max_pooling,"rows: 16, cols: 16",mp_spdz,4,2026-04-22T12:14:53Z,5.643022,ok,
cryptonets_max_pooling,"rows: 16, cols: 16",mp_spdz,5,2026-04-22T12:14:59Z,5.710714,ok,
cryptonets_max_pooling,"rows: 16, cols: 16",mp_spdz,6,2026-04-22T12:15:05Z,5.510574,ok,
cryptonets_max_pooling,"rows: 16, cols: 16",mp_spdz,7,2026-04-22T12:15:10Z,5.223028,ok,
cryptonets_max_pooling,"rows: 16, cols: 16",mp_spdz,8,2026-04-22T12:15:15Z,5.208823,ok,
cryptonets_max_pooling,"rows: 16, cols: 16",mp_spdz,9,2026-04-22T12:15:21Z,5.229707,ok,
cryptonets_max_pooling,"rows: 16, cols: 16",mp_spdz,10,2026-04-22T12:15:26Z,5.256040,ok,
db_cross_join_trivial,"32, 32",motion,1,2026-04-22T12:15:31Z,4.068451,ok,
db_cross_join_trivial,"32, 32",motion,2,2026-04-22T12:15:35Z,4.095860,ok,
db_cross_join_trivial,"32, 32",motion,3,2026-04-22T12:15:39Z,4.111418,ok,
db_cross_join_trivial,"32, 32",motion,4,2026-04-22T12:15:43Z,4.063339,ok,
db_cross_join_trivial,"32, 32",motion,5,2026-04-22T12:15:47Z,4.073210,ok,
db_cross_join_trivial,"32, 32",motion,6,2026-04-22T12:15:51Z,4.035326,ok,
db_cross_join_trivial,"32, 32",motion,7,2026-04-22T12:15:56Z,4.077760,ok,
db_cross_join_trivial,"32, 32",motion,8,2026-04-22T12:16:00Z,4.043639,ok,
db_cross_join_trivial,"32, 32",motion,9,2026-04-22T12:16:04Z,4.018184,ok,
db_cross_join_trivial,"32, 32",motion,10,2026-04-22T12:16:08Z,4.069348,ok,
db_cross_join_trivial,"32, 32",mp_spdz,1,2026-04-22T12:16:12Z,5.354901,ok,
db_cross_join_trivial,"32, 32",mp_spdz,2,2026-04-22T12:16:17Z,5.382685,ok,
db_cross_join_trivial,"32, 32",mp_spdz,3,2026-04-22T12:16:22Z,5.380242,ok,
db_cross_join_trivial,"32, 32",mp_spdz,4,2026-04-22T12:16:28Z,5.402928,ok,
db_cross_join_trivial,"32, 32",mp_spdz,5,2026-04-22T12:16:33Z,5.397825,ok,
db_cross_join_trivial,"32, 32",mp_spdz,6,2026-04-22T12:16:39Z,5.654216,ok,
db_cross_join_trivial,"32, 32",mp_spdz,7,2026-04-22T12:16:44Z,5.881305,ok,
db_cross_join_trivial,"32, 32",mp_spdz,8,2026-04-22T12:16:50Z,5.769744,ok,
db_cross_join_trivial,"32, 32",mp_spdz,9,2026-04-22T12:16:56Z,5.487239,ok,
db_cross_join_trivial,"32, 32",mp_spdz,10,2026-04-22T12:17:01Z,5.367617,ok,
db_cross_join_trivial,"64, 64",motion,1,2026-04-22T12:17:07Z,4.049585,ok,
db_cross_join_trivial,"64, 64",motion,2,2026-04-22T12:17:11Z,4.173719,ok,
db_cross_join_trivial,"64, 64",motion,3,2026-04-22T12:17:15Z,4.133872,ok,
db_cross_join_trivial,"64, 64",motion,4,2026-04-22T12:17:19Z,4.115905,ok,
db_cross_join_trivial,"64, 64",motion,5,2026-04-22T12:17:23Z,4.145092,ok,
db_cross_join_trivial,"64, 64",motion,6,2026-04-22T12:17:27Z,4.188542,ok,
db_cross_join_trivial,"64, 64",motion,7,2026-04-22T12:17:32Z,4.136233,ok,
db_cross_join_trivial,"64, 64",motion,8,2026-04-22T12:17:36Z,4.169066,ok,
db_cross_join_trivial,"64, 64",motion,9,2026-04-22T12:17:40Z,4.144985,ok,
db_cross_join_trivial,"64, 64",motion,10,2026-04-22T12:17:44Z,4.143215,ok,
db_cross_join_trivial,"64, 64",mp_spdz,1,2026-04-22T12:17:48Z,5.494947,ok,
db_cross_join_trivial,"64, 64",mp_spdz,2,2026-04-22T12:17:54Z,5.513077,ok,
db_cross_join_trivial,"64, 64",mp_spdz,3,2026-04-22T12:17:59Z,5.383567,ok,
db_cross_join_trivial,"64, 64",mp_spdz,4,2026-04-22T12:18:05Z,5.429061,ok,
db_cross_join_trivial,"64, 64",mp_spdz,5,2026-04-22T12:18:10Z,5.438765,ok,
db_cross_join_trivial,"64, 64",mp_spdz,6,2026-04-22T12:18:16Z,5.576445,ok,
db_cross_join_trivial,"64, 64",mp_spdz,7,2026-04-22T12:18:21Z,5.441107,ok,
db_cross_join_trivial,"64, 64",mp_spdz,8,2026-04-22T12:18:27Z,5.757667,ok,
db_cross_join_trivial,"64, 64",mp_spdz,9,2026-04-22T12:18:32Z,6.064687,ok,
db_cross_join_trivial,"64, 64",mp_spdz,10,2026-04-22T12:18:38Z,6.110046,ok,
db_variance,len: 512,motion,1,2026-04-22T12:18:44Z,0.160768,ok,
db_variance,len: 512,motion,2,2026-04-22T12:18:45Z,0.158648,ok,
db_variance,len: 512,motion,3,2026-04-22T12:18:45Z,0.156245,ok,
db_variance,len: 512,motion,4,2026-04-22T12:18:45Z,0.161328,ok,
db_variance,len: 512,motion,5,2026-04-22T12:18:45Z,0.162005,ok,
db_variance,len: 512,motion,6,2026-04-22T12:18:45Z,0.176238,ok,
db_variance,len: 512,motion,7,2026-04-22T12:18:45Z,0.159382,ok,
db_variance,len: 512,motion,8,2026-04-22T12:18:46Z,0.157937,ok,
db_variance,len: 512,motion,9,2026-04-22T12:18:46Z,0.156185,ok,
db_variance,len: 512,motion,10,2026-04-22T12:18:46Z,0.159421,ok,
db_variance,len: 512,mp_spdz,1,2026-04-22T12:18:46Z,0.132254,ok,
db_variance,len: 512,mp_spdz,2,2026-04-22T12:18:46Z,0.138364,ok,
db_variance,len: 512,mp_spdz,3,2026-04-22T12:18:46Z,0.134609,ok,
db_variance,len: 512,mp_spdz,4,2026-04-22T12:18:47Z,0.153075,ok,
db_variance,len: 512,mp_spdz,5,2026-04-22T12:18:47Z,0.134732,ok,
db_variance,len: 512,mp_spdz,6,2026-04-22T12:18:47Z,0.137543,ok,
db_variance,len: 512,mp_spdz,7,2026-04-22T12:18:47Z,0.132803,ok,
db_variance,len: 512,mp_spdz,8,2026-04-22T12:18:47Z,0.132119,ok,
db_variance,len: 512,mp_spdz,9,2026-04-22T12:18:47Z,0.133397,ok,
db_variance,len: 512,mp_spdz,10,2026-04-22T12:18:47Z,0.134545,ok,
db_variance,len: 1024,motion,1,2026-04-22T12:18:47Z,0.167483,ok,
db_variance,len: 1024,motion,2,2026-04-22T12:18:48Z,0.167144,ok,
db_variance,len: 1024,motion,3,2026-04-22T12:18:48Z,0.167665,ok,
db_variance,len: 1024,motion,4,2026-04-22T12:18:48Z,0.181283,ok,
db_variance,len: 1024,motion,5,2026-04-22T12:18:48Z,0.163351,ok,
db_variance,len: 1024,motion,6,2026-04-22T12:18:48Z,0.163633,ok,
db_variance,len: 1024,motion,7,2026-04-22T12:18:48Z,0.163153,ok,
db_variance,len: 1024,motion,8,2026-04-22T12:18:49Z,0.161365,ok,
db_variance,len: 1024,motion,9,2026-04-22T12:18:49Z,0.165743,ok,
db_variance,len: 1024,motion,10,2026-04-22T12:18:49Z,0.184682,ok,
db_variance,len: 1024,mp_spdz,1,2026-04-22T12:18:49Z,0.138599,ok,
db_variance,len: 1024,mp_spdz,2,2026-04-22T12:18:49Z,0.139735,ok,
db_variance,len: 1024,mp_spdz,3,2026-04-22T12:18:49Z,0.139939,ok,
db_variance,len: 1024,mp_spdz,4,2026-04-22T12:18:50Z,0.138679,ok,
db_variance,len: 1024,mp_spdz,5,2026-04-22T12:18:50Z,0.141656,ok,
db_variance,len: 1024,mp_spdz,6,2026-04-22T12:18:50Z,0.137606,ok,
db_variance,len: 1024,mp_spdz,7,2026-04-22T12:18:50Z,0.143540,ok,
db_variance,len: 1024,mp_spdz,8,2026-04-22T12:18:50Z,0.141449,ok,
db_variance,len: 1024,mp_spdz,9,2026-04-22T12:18:50Z,0.140772,ok,
db_variance,len: 1024,mp_spdz,10,2026-04-22T12:18:50Z,0.138670,ok,
db_variance,len: 2048,motion,1,2026-04-22T12:18:51Z,0.192527,ok,
db_variance,len: 2048,motion,2,2026-04-22T12:18:51Z,0.173033,ok,
db_variance,len: 2048,motion,3,2026-04-22T12:18:51Z,0.177942,ok,
db_variance,len: 2048,motion,4,2026-04-22T12:18:51Z,0.176624,ok,
db_variance,len: 2048,motion,5,2026-04-22T12:18:51Z,0.180017,ok,
db_variance,len: 2048,motion,6,2026-04-22T12:18:51Z,0.178290,ok,
db_variance,len: 2048,motion,7,2026-04-22T12:18:52Z,0.179064,ok,
db_variance,len: 2048,motion,8,2026-04-22T12:18:52Z,0.194065,ok,
db_variance,len: 2048,motion,9,2026-04-22T12:18:52Z,0.172081,ok,
db_variance,len: 2048,motion,10,2026-04-22T12:18:52Z,0.173095,ok,
db_variance,len: 2048,mp_spdz,1,2026-04-22T12:18:52Z,0.150409,ok,
db_variance,len: 2048,mp_spdz,2,2026-04-22T12:18:53Z,0.150902,ok,
db_variance,len: 2048,mp_spdz,3,2026-04-22T12:18:53Z,0.147883,ok,
db_variance,len: 2048,mp_spdz,4,2026-04-22T12:18:53Z,0.149804,ok,
db_variance,len: 2048,mp_spdz,5,2026-04-22T12:18:53Z,0.148453,ok,
db_variance,len: 2048,mp_spdz,6,2026-04-22T12:18:53Z,0.147625,ok,
db_variance,len: 2048,mp_spdz,7,2026-04-22T12:18:53Z,0.170576,ok,
db_variance,len: 2048,mp_spdz,8,2026-04-22T12:18:53Z,0.150700,ok,
db_variance,len: 2048,mp_spdz,9,2026-04-22T12:18:54Z,0.153819,ok,
db_variance,len: 2048,mp_spdz,10,2026-04-22T12:18:54Z,0.153834,ok,
db_variance,len: 4096,motion,1,2026-04-22T12:18:54Z,0.204374,ok,
db_variance,len: 4096,motion,2,2026-04-22T12:18:54Z,0.201226,ok,
db_variance,len: 4096,motion,3,2026-04-22T12:18:54Z,0.195929,ok,
db_variance,len: 4096,motion,4,2026-04-22T12:18:55Z,0.200037,ok,
db_variance,len: 4096,motion,5,2026-04-22T12:18:55Z,0.218890,ok,
db_variance,len: 4096,motion,6,2026-04-22T12:18:55Z,0.198220,ok,
db_variance,len: 4096,motion,7,2026-04-22T12:18:55Z,0.199739,ok,
db_variance,len: 4096,motion,8,2026-04-22T12:18:55Z,0.205622,ok,
db_variance,len: 4096,motion,9,2026-04-22T12:18:56Z,0.200931,ok,
db_variance,len: 4096,motion,10,2026-04-22T12:18:56Z,0.199280,ok,
db_variance,len: 4096,mp_spdz,1,2026-04-22T12:18:56Z,0.171843,ok,
db_variance,len: 4096,mp_spdz,2,2026-04-22T12:18:56Z,0.166182,ok,
db_variance,len: 4096,mp_spdz,3,2026-04-22T12:18:56Z,0.185001,ok,
db_variance,len: 4096,mp_spdz,4,2026-04-22T12:18:56Z,0.171960,ok,
db_variance,len: 4096,mp_spdz,5,2026-04-22T12:18:57Z,0.171909,ok,
db_variance,len: 4096,mp_spdz,6,2026-04-22T12:18:57Z,0.169296,ok,
db_variance,len: 4096,mp_spdz,7,2026-04-22T12:18:57Z,0.170563,ok,
db_variance,len: 4096,mp_spdz,8,2026-04-22T12:18:57Z,0.172780,ok,
db_variance,len: 4096,mp_spdz,9,2026-04-22T12:18:57Z,0.169511,ok,
db_variance,len: 4096,mp_spdz,10,2026-04-22T12:18:58Z,0.175200,ok,
inner_product,N: 512,motion,1,2026-04-22T12:18:58Z,0.037562,ok,
inner_product,N: 512,motion,2,2026-04-22T12:18:58Z,0.036683,ok,
inner_product,N: 512,motion,3,2026-04-22T12:18:58Z,0.036842,ok,
inner_product,N: 512,motion,4,2026-04-22T12:18:58Z,0.038244,ok,
inner_product,N: 512,motion,5,2026-04-22T12:18:58Z,0.037240,ok,
inner_product,N: 512,motion,6,2026-04-22T12:18:58Z,0.036190,ok,
inner_product,N: 512,motion,7,2026-04-22T12:18:58Z,0.036917,ok,
inner_product,N: 512,motion,8,2026-04-22T12:18:58Z,0.035540,ok,
inner_product,N: 512,motion,9,2026-04-22T12:18:58Z,0.035004,ok,
inner_product,N: 512,motion,10,2026-04-22T12:18:58Z,0.036368,ok,
inner_product,N: 512,mp_spdz,1,2026-04-22T12:18:58Z,0.037009,ok,
inner_product,N: 512,mp_spdz,2,2026-04-22T12:18:58Z,0.035079,ok,
inner_product,N: 512,mp_spdz,3,2026-04-22T12:18:58Z,0.034996,ok,
inner_product,N: 512,mp_spdz,4,2026-04-22T12:18:58Z,0.036382,ok,
inner_product,N: 512,mp_spdz,5,2026-04-22T12:18:58Z,0.034947,ok,
inner_product,N: 512,mp_spdz,6,2026-04-22T12:18:58Z,0.049599,ok,
inner_product,N: 512,mp_spdz,7,2026-04-22T12:18:58Z,0.034524,ok,
inner_product,N: 512,mp_spdz,8,2026-04-22T12:18:58Z,0.035653,ok,
inner_product,N: 512,mp_spdz,9,2026-04-22T12:18:58Z,0.035518,ok,
inner_product,N: 512,mp_spdz,10,2026-04-22T12:18:58Z,0.034752,ok,
inner_product,N: 4096,motion,1,2026-04-22T12:18:58Z,0.073152,ok,
inner_product,N: 4096,motion,2,2026-04-22T12:18:59Z,0.076110,ok,
inner_product,N: 4096,motion,3,2026-04-22T12:18:59Z,0.073300,ok,
inner_product,N: 4096,motion,4,2026-04-22T12:18:59Z,0.072925,ok,
inner_product,N: 4096,motion,5,2026-04-22T12:18:59Z,0.073510,ok,
inner_product,N: 4096,motion,6,2026-04-22T12:18:59Z,0.074453,ok,
inner_product,N: 4096,motion,7,2026-04-22T12:18:59Z,0.072989,ok,
inner_product,N: 4096,motion,8,2026-04-22T12:18:59Z,0.072390,ok,
inner_product,N: 4096,motion,9,2026-04-22T12:18:59Z,0.074335,ok,
inner_product,N: 4096,motion,10,2026-04-22T12:18:59Z,0.074142,ok,
inner_product,N: 4096,mp_spdz,1,2026-04-22T12:18:59Z,0.073647,ok,
inner_product,N: 4096,mp_spdz,2,2026-04-22T12:18:59Z,0.075062,ok,
inner_product,N: 4096,mp_spdz,3,2026-04-22T12:18:59Z,0.070137,ok,
inner_product,N: 4096,mp_spdz,4,2026-04-22T12:18:59Z,0.073983,ok,
inner_product,N: 4096,mp_spdz,5,2026-04-22T12:19:00Z,0.074328,ok,
inner_product,N: 4096,mp_spdz,6,2026-04-22T12:19:00Z,0.071687,ok,
inner_product,N: 4096,mp_spdz,7,2026-04-22T12:19:00Z,0.072869,ok,
inner_product,N: 4096,mp_spdz,8,2026-04-22T12:19:00Z,0.072173,ok,
inner_product,N: 4096,mp_spdz,9,2026-04-22T12:19:00Z,0.072183,ok,
inner_product,N: 4096,mp_spdz,10,2026-04-22T12:19:00Z,0.069155,ok,
longest_102,N: 1024,motion,1,2026-04-22T12:19:00Z,0.443035,ok,
longest_102,N: 1024,motion,2,2026-04-22T12:19:00Z,0.432290,ok,
longest_102,N: 1024,motion,3,2026-04-22T12:19:01Z,0.446396,ok,
longest_102,N: 1024,motion,4,2026-04-22T12:19:01Z,0.448507,ok,
longest_102,N: 1024,motion,5,2026-04-22T12:19:02Z,0.420585,ok,
longest_102,N: 1024,motion,6,2026-04-22T12:19:02Z,0.444616,ok,
longest_102,N: 1024,motion,7,2026-04-22T12:19:03Z,0.441572,ok,
longest_102,N: 1024,motion,8,2026-04-22T12:19:03Z,0.464926,ok,
longest_102,N: 1024,motion,9,2026-04-22T12:19:03Z,0.438983,ok,
longest_102,N: 1024,motion,10,2026-04-22T12:19:04Z,0.431195,ok,
longest_102,N: 1024,mp_spdz,1,2026-04-22T12:19:04Z,0.452597,ok,
longest_102,N: 1024,mp_spdz,2,2026-04-22T12:19:05Z,0.441991,ok,
longest_102,N: 1024,mp_spdz,3,2026-04-22T12:19:05Z,0.447094,ok,
longest_102,N: 1024,mp_spdz,4,2026-04-22T12:19:06Z,0.444465,ok,
longest_102,N: 1024,mp_spdz,5,2026-04-22T12:19:06Z,0.430654,ok,
longest_102,N: 1024,mp_spdz,6,2026-04-22T12:19:07Z,0.471310,ok,
longest_102,N: 1024,mp_spdz,7,2026-04-22T12:19:07Z,0.471465,ok,
longest_102,N: 1024,mp_spdz,8,2026-04-22T12:19:08Z,0.468143,ok,
longest_102,N: 1024,mp_spdz,9,2026-04-22T12:19:08Z,0.470561,ok,
longest_102,N: 1024,mp_spdz,10,2026-04-22T12:19:08Z,0.459777,ok,
longest_102,N: 4096,motion,1,2026-04-22T12:19:09Z,0.449212,ok,
longest_102,N: 4096,motion,2,2026-04-22T12:19:09Z,0.456861,ok,
longest_102,N: 4096,motion,3,2026-04-22T12:19:10Z,0.435820,ok,
longest_102,N: 4096,motion,4,2026-04-22T12:19:10Z,0.452960,ok,
longest_102,N: 4096,motion,5,2026-04-22T12:19:11Z,0.449400,ok,
longest_102,N: 4096,motion,6,2026-04-22T12:19:11Z,0.472119,ok,
longest_102,N: 4096,motion,7,2026-04-22T12:19:12Z,0.468710,ok,
longest_102,N: 4096,motion,8,2026-04-22T12:19:12Z,0.447686,ok,
longest_102,N: 4096,motion,9,2026-04-22T12:19:13Z,0.457265,ok,
longest_102,N: 4096,motion,10,2026-04-22T12:19:13Z,0.431667,ok,
longest_102,N: 4096,mp_spdz,1,2026-04-22T12:19:13Z,0.434438,ok,
longest_102,N: 4096,mp_spdz,2,2026-04-22T12:19:14Z,0.454206,ok,
longest_102,N: 4096,mp_spdz,3,2026-04-22T12:19:14Z,0.439237,ok,
longest_102,N: 4096,mp_spdz,4,2026-04-22T12:19:15Z,0.445539,ok,
longest_102,N: 4096,mp_spdz,5,2026-04-22T12:19:15Z,0.444365,ok,
longest_102,N: 4096,mp_spdz,6,2026-04-22T12:19:16Z,0.445629,ok,
longest_102,N: 4096,mp_spdz,7,2026-04-22T12:19:16Z,0.472907,ok,
longest_102,N: 4096,mp_spdz,8,2026-04-22T12:19:17Z,0.470358,ok,
longest_102,N: 4096,mp_spdz,9,2026-04-22T12:19:17Z,0.452739,ok,
longest_102,N: 4096,mp_spdz,10,2026-04-22T12:19:18Z,0.475809,ok,
longest_odd_10,N: 2048,motion,1,2026-04-22T12:19:18Z,0.238748,ok,
longest_odd_10,N: 2048,motion,2,2026-04-22T12:19:18Z,0.235012,ok,
longest_odd_10,N: 2048,motion,3,2026-04-22T12:19:18Z,0.255175,ok,
longest_odd_10,N: 2048,motion,4,2026-04-22T12:19:19Z,0.236175,ok,
longest_odd_10,N: 2048,motion,5,2026-04-22T12:19:19Z,0.227596,ok,
longest_odd_10,N: 2048,motion,6,2026-04-22T12:19:19Z,0.242573,ok,
longest_odd_10,N: 2048,motion,7,2026-04-22T12:19:19Z,0.265495,ok,
longest_odd_10,N: 2048,motion,8,2026-04-22T12:19:20Z,0.237173,ok,
longest_odd_10,N: 2048,motion,9,2026-04-22T12:19:20Z,0.236692,ok,
longest_odd_10,N: 2048,motion,10,2026-04-22T12:19:20Z,0.248258,ok,
longest_odd_10,N: 2048,mp_spdz,1,2026-04-22T12:19:20Z,0.295845,ok,
longest_odd_10,N: 2048,mp_spdz,2,2026-04-22T12:19:21Z,0.293043,ok,
longest_odd_10,N: 2048,mp_spdz,3,2026-04-22T12:19:21Z,0.295244,ok,
longest_odd_10,N: 2048,mp_spdz,4,2026-04-22T12:19:21Z,0.300956,ok,
longest_odd_10,N: 2048,mp_spdz,5,2026-04-22T12:19:22Z,0.298721,ok,
longest_odd_10,N: 2048,mp_spdz,6,2026-04-22T12:19:22Z,0.301672,ok,
longest_odd_10,N: 2048,mp_spdz,7,2026-04-22T12:19:22Z,0.317426,ok,
longest_odd_10,N: 2048,mp_spdz,8,2026-04-22T12:19:23Z,0.293943,ok,
longest_odd_10,N: 2048,mp_spdz,9,2026-04-22T12:19:23Z,0.296109,ok,
longest_odd_10,N: 2048,mp_spdz,10,2026-04-22T12:19:23Z,0.294313,ok,
max_dist_between_syms,N: 1024,motion,1,2026-04-22T12:19:23Z,0.118252,ok,
max_dist_between_syms,N: 1024,motion,2,2026-04-22T12:19:24Z,0.102965,ok,
max_dist_between_syms,N: 1024,motion,3,2026-04-22T12:19:24Z,0.102252,ok,
max_dist_between_syms,N: 1024,motion,4,2026-04-22T12:19:24Z,0.108764,ok,
max_dist_between_syms,N: 1024,motion,5,2026-04-22T12:19:24Z,0.099763,ok,
max_dist_between_syms,N: 1024,motion,6,2026-04-22T12:19:24Z,0.104342,ok,
max_dist_between_syms,N: 1024,motion,7,2026-04-22T12:19:24Z,0.103859,ok,
max_dist_between_syms,N: 1024,motion,8,2026-04-22T12:19:24Z,0.101311,ok,
max_dist_between_syms,N: 1024,motion,9,2026-04-22T12:19:24Z,0.101789,ok,
max_dist_between_syms,N: 1024,motion,10,2026-04-22T12:19:24Z,0.102344,ok,
max_dist_between_syms,N: 1024,mp_spdz,1,2026-04-22T12:19:24Z,0.111670,ok,
max_dist_between_syms,N: 1024,mp_spdz,2,2026-04-22T12:19:25Z,0.128916,ok,
max_dist_between_syms,N: 1024,mp_spdz,3,2026-04-22T12:19:25Z,0.115074,ok,
max_dist_between_syms,N: 1024,mp_spdz,4,2026-04-22T12:19:25Z,0.115396,ok,
max_dist_between_syms,N: 1024,mp_spdz,5,2026-04-22T12:19:25Z,0.111970,ok,
max_dist_between_syms,N: 1024,mp_spdz,6,2026-04-22T12:19:25Z,0.111386,ok,
max_dist_between_syms,N: 1024,mp_spdz,7,2026-04-22T12:19:25Z,0.112199,ok,
max_dist_between_syms,N: 1024,mp_spdz,8,2026-04-22T12:19:25Z,0.110993,ok,
max_dist_between_syms,N: 1024,mp_spdz,9,2026-04-22T12:19:25Z,0.110547,ok,
max_dist_between_syms,N: 1024,mp_spdz,10,2026-04-22T12:19:26Z,0.113106,ok,
max_dist_between_syms,N: 2048,motion,1,2026-04-22T12:19:26Z,0.108397,ok,
max_dist_between_syms,N: 2048,motion,2,2026-04-22T12:19:26Z,0.109722,ok,
max_dist_between_syms,N: 2048,motion,3,2026-04-22T12:19:26Z,0.106453,ok,
max_dist_between_syms,N: 2048,motion,4,2026-04-22T12:19:26Z,0.103008,ok,
max_dist_between_syms,N: 2048,motion,5,2026-04-22T12:19:26Z,0.104090,ok,
max_dist_between_syms,N: 2048,motion,6,2026-04-22T12:19:26Z,0.121710,ok,
max_dist_between_syms,N: 2048,motion,7,2026-04-22T12:19:26Z,0.109061,ok,
max_dist_between_syms,N: 2048,motion,8,2026-04-22T12:19:26Z,0.107511,ok,
max_dist_between_syms,N: 2048,motion,9,2026-04-22T12:19:27Z,0.104103,ok,
max_dist_between_syms,N: 2048,motion,10,2026-04-22T12:19:27Z,0.107375,ok,
max_dist_between_syms,N: 2048,mp_spdz,1,2026-04-22T12:19:27Z,0.117585,ok,
max_dist_between_syms,N: 2048,mp_spdz,2,2026-04-22T12:19:27Z,0.112867,ok,
max_dist_between_syms,N: 2048,mp_spdz,3,2026-04-22T12:19:27Z,0.117314,ok,
max_dist_between_syms,N: 2048,mp_spdz,4,2026-04-22T12:19:27Z,0.122422,ok,
max_dist_between_syms,N: 2048,mp_spdz,5,2026-04-22T12:19:27Z,0.120044,ok,
max_dist_between_syms,N: 2048,mp_spdz,6,2026-04-22T12:19:27Z,0.120361,ok,
max_dist_between_syms,N: 2048,mp_spdz,7,2026-04-22T12:19:27Z,0.116292,ok,
max_dist_between_syms,N: 2048,mp_spdz,8,2026-04-22T12:19:28Z,0.122619,ok,
max_dist_between_syms,N: 2048,mp_spdz,9,2026-04-22T12:19:28Z,0.115098,ok,
max_dist_between_syms,N: 2048,mp_spdz,10,2026-04-22T12:19:28Z,0.135849,ok,
max_sum_between_syms,N: 1024,motion,1,2026-04-22T12:19:28Z,0.134815,ok,
max_sum_between_syms,N: 1024,motion,2,2026-04-22T12:19:28Z,0.103691,ok,
max_sum_between_syms,N: 1024,motion,3,2026-04-22T12:19:28Z,0.103690,ok,
max_sum_between_syms,N: 1024,motion,4,2026-04-22T12:19:28Z,0.113492,ok,
max_sum_between_syms,N: 1024,motion,5,2026-04-22T12:19:28Z,0.105258,ok,
max_sum_between_syms,N: 1024,motion,6,2026-04-22T12:19:28Z,0.103577,ok,
max_sum_between_syms,N: 1024,motion,7,2026-04-22T12:19:29Z,0.103790,ok,
max_sum_between_syms,N: 1024,motion,8,2026-04-22T12:19:29Z,0.101644,ok,
max_sum_between_syms,N: 1024,motion,9,2026-04-22T12:19:29Z,0.104432,ok,
max_sum_between_syms,N: 1024,motion,10,2026-04-22T12:19:29Z,0.120774,ok,
max_sum_between_syms,N: 1024,mp_spdz,1,2026-04-22T12:19:29Z,0.116550,ok,
max_sum_between_syms,N: 1024,mp_spdz,2,2026-04-22T12:19:29Z,0.117370,ok,
max_sum_between_syms,N: 1024,mp_spdz,3,2026-04-22T12:19:29Z,0.114034,ok,
max_sum_between_syms,N: 1024,mp_spdz,4,2026-04-22T12:19:29Z,0.115308,ok,
max_sum_between_syms,N: 1024,mp_spdz,5,2026-04-22T12:19:29Z,0.114269,ok,
max_sum_between_syms,N: 1024,mp_spdz,6,2026-04-22T12:19:30Z,0.120741,ok,
max_sum_between_syms,N: 1024,mp_spdz,7,2026-04-22T12:19:30Z,0.112600,ok,
max_sum_between_syms,N: 1024,mp_spdz,8,2026-04-22T12:19:30Z,0.113081,ok,
max_sum_between_syms,N: 1024,mp_spdz,9,2026-04-22T12:19:30Z,0.115584,ok,
max_sum_between_syms,N: 1024,mp_spdz,10,2026-04-22T12:19:30Z,0.116902,ok,
max_sum_between_syms,N: 2048,motion,1,2026-04-22T12:19:30Z,0.110187,ok,
max_sum_between_syms,N: 2048,motion,2,2026-04-22T12:19:30Z,0.109050,ok,
max_sum_between_syms,N: 2048,motion,3,2026-04-22T12:19:30Z,0.108800,ok,
max_sum_between_syms,N: 2048,motion,4,2026-04-22T12:19:31Z,0.107757,ok,
max_sum_between_syms,N: 2048,motion,5,2026-04-22T12:19:31Z,0.126049,ok,
max_sum_between_syms,N: 2048,motion,6,2026-04-22T12:19:31Z,0.108360,ok,
max_sum_between_syms,N: 2048,motion,7,2026-04-22T12:19:31Z,0.107844,ok,
max_sum_between_syms,N: 2048,motion,8,2026-04-22T12:19:31Z,0.110985,ok,
max_sum_between_syms,N: 2048,motion,9,2026-04-22T12:19:31Z,0.111933,ok,
max_sum_between_syms,N: 2048,motion,10,2026-04-22T12:19:31Z,0.112771,ok,
max_sum_between_syms,N: 2048,mp_spdz,1,2026-04-22T12:19:31Z,0.123717,ok,
max_sum_between_syms,N: 2048,mp_spdz,2,2026-04-22T12:19:31Z,0.128709,ok,
max_sum_between_syms,N: 2048,mp_spdz,3,2026-04-22T12:19:32Z,0.123506,ok,
max_sum_between_syms,N: 2048,mp_spdz,4,2026-04-22T12:19:32Z,0.121173,ok,
max_sum_between_syms,N: 2048,mp_spdz,5,2026-04-22T12:19:32Z,0.123987,ok,
max_sum_between_syms,N: 2048,mp_spdz,6,2026-04-22T12:19:32Z,0.125002,ok,
max_sum_between_syms,N: 2048,mp_spdz,7,2026-04-22T12:19:32Z,0.123370,ok,
max_sum_between_syms,N: 2048,mp_spdz,8,2026-04-22T12:19:32Z,0.142278,ok,
max_sum_between_syms,N: 2048,mp_spdz,9,2026-04-22T12:19:32Z,0.121380,ok,
max_sum_between_syms,N: 2048,mp_spdz,10,2026-04-22T12:19:32Z,0.122596,ok,
minimal_points,N: 32,motion,1,2026-04-22T12:19:33Z,0.991335,ok,
minimal_points,N: 32,motion,2,2026-04-22T12:19:34Z,0.995058,ok,
minimal_points,N: 32,motion,3,2026-04-22T12:19:35Z,1.015334,ok,
minimal_points,N: 32,motion,4,2026-04-22T12:19:36Z,1.009442,ok,
minimal_points,N: 32,motion,5,2026-04-22T12:19:37Z,1.023359,ok,
minimal_points,N: 32,motion,6,2026-04-22T12:19:38Z,1.015874,ok,
minimal_points,N: 32,motion,7,2026-04-22T12:19:39Z,0.997348,ok,
minimal_points,N: 32,motion,8,2026-04-22T12:19:40Z,1.033416,ok,
minimal_points,N: 32,motion,9,2026-04-22T12:19:41Z,1.006158,ok,
minimal_points,N: 32,motion,10,2026-04-22T12:19:42Z,1.004924,ok,
minimal_points,N: 32,mp_spdz,1,2026-04-22T12:19:43Z,0.784590,ok,
minimal_points,N: 32,mp_spdz,2,2026-04-22T12:19:43Z,0.784078,ok,
minimal_points,N: 32,mp_spdz,3,2026-04-22T12:19:44Z,0.791412,ok,
minimal_points,N: 32,mp_spdz,4,2026-04-22T12:19:45Z,0.795279,ok,
minimal_points,N: 32,mp_spdz,5,2026-04-22T12:19:46Z,0.782082,ok,
minimal_points,N: 32,mp_spdz,6,2026-04-22T12:19:47Z,0.777015,ok,
minimal_points,N: 32,mp_spdz,7,2026-04-22T12:19:47Z,0.778288,ok,
minimal_points,N: 32,mp_spdz,8,2026-04-22T12:19:48Z,0.780224,ok,
minimal_points,N: 32,mp_spdz,9,2026-04-22T12:19:49Z,0.786059,ok,
minimal_points,N: 32,mp_spdz,10,2026-04-22T12:19:50Z,0.784763,ok,
minimal_points,N: 64,motion,1,2026-04-22T12:19:51Z,1.009145,ok,
minimal_points,N: 64,motion,2,2026-04-22T12:19:52Z,1.016390,ok,
minimal_points,N: 64,motion,3,2026-04-22T12:19:53Z,1.010989,ok,
minimal_points,N: 64,motion,4,2026-04-22T12:19:54Z,1.019926,ok,
minimal_points,N: 64,motion,5,2026-04-22T12:19:55Z,0.993786,ok,
minimal_points,N: 64,motion,6,2026-04-22T12:19:56Z,1.009599,ok,
minimal_points,N: 64,motion,7,2026-04-22T12:19:57Z,1.032355,ok,
minimal_points,N: 64,motion,8,2026-04-22T12:19:58Z,1.005896,ok,
minimal_points,N: 64,motion,9,2026-04-22T12:19:59Z,1.007309,ok,
minimal_points,N: 64,motion,10,2026-04-22T12:20:00Z,1.016530,ok,
minimal_points,N: 64,mp_spdz,1,2026-04-22T12:20:01Z,0.765420,ok,
minimal_points,N: 64,mp_spdz,2,2026-04-22T12:20:01Z,0.772573,ok,
minimal_points,N: 64,mp_spdz,3,2026-04-22T12:20:02Z,0.756630,ok,
minimal_points,N: 64,mp_spdz,4,2026-04-22T12:20:03Z,0.758511,ok,
minimal_points,N: 64,mp_spdz,5,2026-04-22T12:20:04Z,0.758214,ok,
minimal_points,N: 64,mp_spdz,6,2026-04-22T12:20:04Z,0.758411,ok,
minimal_points,N: 64,mp_spdz,7,2026-04-22T12:20:05Z,0.755641,ok,
minimal_points,N: 64,mp_spdz,8,2026-04-22T12:20:06Z,0.818968,ok,
minimal_points,N: 64,mp_spdz,9,2026-04-22T12:20:07Z,0.850116,ok,
minimal_points,N: 64,mp_spdz,10,2026-04-22T12:20:08Z,0.824717,ok,
minimal_points,N: 128,motion,1,2026-04-22T12:20:08Z,1.071019,ok,
minimal_points,N: 128,motion,2,2026-04-22T12:20:10Z,1.061958,ok,
minimal_points,N: 128,motion,3,2026-04-22T12:20:11Z,1.053453,ok,
minimal_points,N: 128,motion,4,2026-04-22T12:20:12Z,1.054929,ok,
minimal_points,N: 128,motion,5,2026-04-22T12:20:13Z,1.099197,ok,
minimal_points,N: 128,motion,6,2026-04-22T12:20:14Z,1.056103,ok,
minimal_points,N: 128,motion,7,2026-04-22T12:20:15Z,1.072091,ok,
minimal_points,N: 128,motion,8,2026-04-22T12:20:16Z,1.062198,ok,
minimal_points,N: 128,motion,9,2026-04-22T12:20:17Z,1.081530,ok,
minimal_points,N: 128,motion,10,2026-04-22T12:20:18Z,1.070077,ok,
minimal_points,N: 128,mp_spdz,1,2026-04-22T12:20:19Z,0.869465,ok,
minimal_points,N: 128,mp_spdz,2,2026-04-22T12:20:20Z,1.016269,ok,
minimal_points,N: 128,mp_spdz,3,2026-04-22T12:20:21Z,0.787813,ok,
minimal_points,N: 128,mp_spdz,4,2026-04-22T12:20:22Z,0.754432,ok,
minimal_points,N: 128,mp_spdz,5,2026-04-22T12:20:23Z,0.810584,ok,
minimal_points,N: 128,mp_spdz,6,2026-04-22T12:20:23Z,1.059853,ok,
minimal_points,N: 128,mp_spdz,7,2026-04-22T12:20:24Z,0.783548,ok,
minimal_points,N: 128,mp_spdz,8,2026-04-22T12:20:25Z,0.786731,ok,
minimal_points,N: 128,mp_spdz,9,2026-04-22T12:20:26Z,0.792192,ok,
minimal_points,N: 128,mp_spdz,10,2026-04-22T12:20:27Z,1.051272,ok,
minimal_points,N: 256,motion,1,2026-04-22T12:20:28Z,1.087132,ok,
minimal_points,N: 256,motion,2,2026-04-22T12:20:29Z,1.104572,ok,
minimal_points,N: 256,motion,3,2026-04-22T12:20:30Z,1.356116,ok,
minimal_points,N: 256,motion,4,2026-04-22T12:20:31Z,1.069514,ok,
minimal_points,N: 256,motion,5,2026-04-22T12:20:32Z,1.099687,ok,
minimal_points,N: 256,motion,6,2026-04-22T12:20:34Z,1.383999,ok,
minimal_points,N: 256,motion,7,2026-04-22T12:20:35Z,1.083988,ok,
minimal_points,N: 256,motion,8,2026-04-22T12:20:36Z,1.090344,ok,
minimal_points,N: 256,motion,9,2026-04-22T12:20:37Z,1.090007,ok,
minimal_points,N: 256,motion,10,2026-04-22T12:20:38Z,1.065006,ok,
minimal_points,N: 256,mp_spdz,1,2026-04-22T12:20:39Z,0.792894,ok,
minimal_points,N: 256,mp_spdz,2,2026-04-22T12:20:40Z,0.775628,ok,
minimal_points,N: 256,mp_spdz,3,2026-04-22T12:20:41Z,0.790657,ok,
minimal_points,N: 256,mp_spdz,4,2026-04-22T12:20:42Z,0.781490,ok,
minimal_points,N: 256,mp_spdz,5,2026-04-22T12:20:42Z,0.786414,ok,
minimal_points,N: 256,mp_spdz,6,2026-04-22T12:20:43Z,0.778450,ok,
minimal_points,N: 256,mp_spdz,7,2026-04-22T12:20:44Z,0.784229,ok,
minimal_points,N: 256,mp_spdz,8,2026-04-22T12:20:45Z,0.793622,ok,
minimal_points,N: 256,mp_spdz,9,2026-04-22T12:20:46Z,0.806907,ok,
minimal_points,N: 256,mp_spdz,10,2026-04-22T12:20:46Z,0.791745,ok,
mnist_relu,"16, 512",motion,1,2026-04-22T12:20:47Z,0.180624,ok,
mnist_relu,"16, 512",motion,2,2026-04-22T12:20:47Z,0.179491,ok,
mnist_relu,"16, 512",motion,3,2026-04-22T12:20:48Z,0.185100,ok,
mnist_relu,"16, 512",motion,4,2026-04-22T12:20:48Z,0.178264,ok,
mnist_relu,"16, 512",motion,5,2026-04-22T12:20:48Z,0.179458,ok,
mnist_relu,"16, 512",motion,6,2026-04-22T12:20:48Z,0.177961,ok,
mnist_relu,"16, 512",motion,7,2026-04-22T12:20:48Z,0.178277,ok,
mnist_relu,"16, 512",motion,8,2026-04-22T12:20:48Z,0.180613,ok,
mnist_relu,"16, 512",motion,9,2026-04-22T12:20:49Z,0.176684,ok,
mnist_relu,"16, 512",motion,10,2026-04-22T12:20:49Z,0.200537,ok,
mnist_relu,"16, 512",mp_spdz,1,2026-04-22T12:20:49Z,0.185768,ok,
mnist_relu,"16, 512",mp_spdz,2,2026-04-22T12:20:49Z,0.186128,ok,
mnist_relu,"16, 512",mp_spdz,3,2026-04-22T12:20:49Z,0.178201,ok,
mnist_relu,"16, 512",mp_spdz,4,2026-04-22T12:20:50Z,0.177542,ok,
mnist_relu,"16, 512",mp_spdz,5,2026-04-22T12:20:50Z,0.176344,ok,
mnist_relu,"16, 512",mp_spdz,6,2026-04-22T12:20:50Z,0.181510,ok,
mnist_relu,"16, 512",mp_spdz,7,2026-04-22T12:20:50Z,0.185684,ok,
mnist_relu,"16, 512",mp_spdz,8,2026-04-22T12:20:50Z,0.180329,ok,
mnist_relu,"16, 512",mp_spdz,9,2026-04-22T12:20:51Z,0.186521,ok,
mnist_relu,"16, 512",mp_spdz,10,2026-04-22T12:20:51Z,0.205809,ok,
mnist_relu,"16, 2048",motion,1,2026-04-22T12:20:51Z,0.444976,ok,
mnist_relu,"16, 2048",motion,2,2026-04-22T12:20:51Z,0.482972,ok,
mnist_relu,"16, 2048",motion,3,2026-04-22T12:20:52Z,0.433217,ok,
mnist_relu,"16, 2048",motion,4,2026-04-22T12:20:52Z,0.428918,ok,
mnist_relu,"16, 2048",motion,5,2026-04-22T12:20:53Z,0.433941,ok,
mnist_relu,"16, 2048",motion,6,2026-04-22T12:20:53Z,0.435918,ok,
mnist_relu,"16, 2048",motion,7,2026-04-22T12:20:54Z,0.434424,ok,
mnist_relu,"16, 2048",motion,8,2026-04-22T12:20:54Z,0.438503,ok,
mnist_relu,"16, 2048",motion,9,2026-04-22T12:20:55Z,0.429344,ok,
mnist_relu,"16, 2048",motion,10,2026-04-22T12:20:55Z,0.449929,ok,
mnist_relu,"16, 2048",mp_spdz,1,2026-04-22T12:20:55Z,0.418799,ok,
mnist_relu,"16, 2048",mp_spdz,2,2026-04-22T12:20:56Z,0.439590,ok,
mnist_relu,"16, 2048",mp_spdz,3,2026-04-22T12:20:56Z,0.451076,ok,
mnist_relu,"16, 2048",mp_spdz,4,2026-04-22T12:20:57Z,0.452068,ok,
mnist_relu,"16, 2048",mp_spdz,5,2026-04-22T12:20:57Z,0.456807,ok,
mnist_relu,"16, 2048",mp_spdz,6,2026-04-22T12:20:58Z,0.457420,ok,
mnist_relu,"16, 2048",mp_spdz,7,2026-04-22T12:20:58Z,0.467332,ok,
mnist_relu,"16, 2048",mp_spdz,8,2026-04-22T12:20:59Z,0.420276,ok,
mnist_relu,"16, 2048",mp_spdz,9,2026-04-22T12:20:59Z,0.413847,ok,
mnist_relu,"16, 2048",mp_spdz,10,2026-04-22T12:21:00Z,0.475863,ok,
psi,"SA: 128, SB: 128",motion,1,2026-04-22T12:21:00Z,0.099425,ok,
psi,"SA: 128, SB: 128",motion,2,2026-04-22T12:21:00Z,0.070732,ok,
psi,"SA: 128, SB: 128",motion,3,2026-04-22T12:21:00Z,0.071644,ok,
psi,"SA: 128, SB: 128",motion,4,2026-04-22T12:21:00Z,0.070783,ok,
psi,"SA: 128, SB: 128",motion,5,2026-04-22T12:21:00Z,0.072065,ok,
psi,"SA: 128, SB: 128",motion,6,2026-04-22T12:21:00Z,0.071907,ok,
psi,"SA: 128, SB: 128",motion,7,2026-04-22T12:21:00Z,0.070977,ok,
psi,"SA: 128, SB: 128",motion,8,2026-04-22T12:21:01Z,0.072008,ok,
psi,"SA: 128, SB: 128",motion,9,2026-04-22T12:21:01Z,0.070267,ok,
psi,"SA: 128, SB: 128",motion,10,2026-04-22T12:21:01Z,0.073131,ok,
psi,"SA: 128, SB: 128",mp_spdz,1,2026-04-22T12:21:01Z,0.083184,ok,
psi,"SA: 128, SB: 128",mp_spdz,2,2026-04-22T12:21:01Z,0.086336,ok,
psi,"SA: 128, SB: 128",mp_spdz,3,2026-04-22T12:21:01Z,0.084285,ok,
psi,"SA: 128, SB: 128",mp_spdz,4,2026-04-22T12:21:01Z,0.083982,ok,
psi,"SA: 128, SB: 128",mp_spdz,5,2026-04-22T12:21:01Z,0.082952,ok,
psi,"SA: 128, SB: 128",mp_spdz,6,2026-04-22T12:21:01Z,0.084679,ok,
psi,"SA: 128, SB: 128",mp_spdz,7,2026-04-22T12:21:01Z,0.084035,ok,
psi,"SA: 128, SB: 128",mp_spdz,8,2026-04-22T12:21:01Z,0.084641,ok,
psi,"SA: 128, SB: 128",mp_spdz,9,2026-04-22T12:21:01Z,0.086429,ok,
psi,"SA: 128, SB: 128",mp_spdz,10,2026-04-22T12:21:02Z,0.087458,ok,
psi,"SA: 1024, SB: 1024",motion,1,2026-04-22T12:21:02Z,0.086421,ok,
psi,"SA: 1024, SB: 1024",motion,2,2026-04-22T12:21:02Z,0.085042,ok,
psi,"SA: 1024, SB: 1024",motion,3,2026-04-22T12:21:02Z,0.085106,ok,
psi,"SA: 1024, SB: 1024",motion,4,2026-04-22T12:21:02Z,0.084559,ok,
psi,"SA: 1024, SB: 1024",motion,5,2026-04-22T12:21:02Z,0.084368,ok,
psi,"SA: 1024, SB: 1024",motion,6,2026-04-22T12:21:02Z,0.105433,ok,
psi,"SA: 1024, SB: 1024",motion,7,2026-04-22T12:21:02Z,0.084370,ok,
psi,"SA: 1024, SB: 1024",motion,8,2026-04-22T12:21:02Z,0.085140,ok,
psi,"SA: 1024, SB: 1024",motion,9,2026-04-22T12:21:02Z,0.082420,ok,
psi,"SA: 1024, SB: 1024",motion,10,2026-04-22T12:21:02Z,0.082390,ok,
psi,"SA: 1024, SB: 1024",mp_spdz,1,2026-04-22T12:21:02Z,0.092676,ok,
psi,"SA: 1024, SB: 1024",mp_spdz,2,2026-04-22T12:21:03Z,0.094691,ok,
psi,"SA: 1024, SB: 1024",mp_spdz,3,2026-04-22T12:21:03Z,0.092863,ok,
psi,"SA: 1024, SB: 1024",mp_spdz,4,2026-04-22T12:21:03Z,0.092531,ok,
psi,"SA: 1024, SB: 1024",mp_spdz,5,2026-04-22T12:21:03Z,0.091716,ok,
psi,"SA: 1024, SB: 1024",mp_spdz,6,2026-04-22T12:21:03Z,0.093348,ok,
psi,"SA: 1024, SB: 1024",mp_spdz,7,2026-04-22T12:21:03Z,0.096995,ok,
psi,"SA: 1024, SB: 1024",mp_spdz,8,2026-04-22T12:21:03Z,0.093240,ok,
psi,"SA: 1024, SB: 1024",mp_spdz,9,2026-04-22T12:21:03Z,0.099827,ok,
psi,"SA: 1024, SB: 1024",mp_spdz,10,2026-04-22T12:21:03Z,0.097230,ok,
